genomeName	nProteins	gdb	gid	pathway	step	gtax
Bacteroides thetaiotaomicron VPI-5482	4816	FitnessBrowser	Btheta	thr	thrB	d__Bacteria;
Echinicola vietnamensis KMM 6221, DSM 17526	4625	FitnessBrowser	Cola	lys		d__Bacteria;
Echinicola vietnamensis KMM 6221, DSM 17526	4625	FitnessBrowser	Cola	ser	serC	d__Bacteria;
Echinicola vietnamensis KMM 6221, DSM 17526	4625	FitnessBrowser	Cola	chorismate	aroA	d__Bacteria;
Echinicola vietnamensis KMM 6221, DSM 17526	4625	FitnessBrowser	Cola	cys	cysE	d__Bacteria;
Dinoroseobacter shibae DFL-12	4192	FitnessBrowser	Dino	thr	thrB	d__Bacteria;
Dyella japonica UNC79MFTsu3.2	4330	FitnessBrowser	Dyella79	ser	serB	d__Bacteria;
Dyella japonica UNC79MFTsu3.2	4330	FitnessBrowser	Dyella79	ile	ilvI	d__Bacteria;
Dyella japonica UNC79MFTsu3.2	4330	FitnessBrowser	Dyella79	leu	ilvI	d__Bacteria;
Dyella japonica UNC79MFTsu3.2	4330	FitnessBrowser	Dyella79	met	metC	d__Bacteria;
Dyella japonica UNC79MFTsu3.2	4330	FitnessBrowser	Dyella79	val	ilvI	d__Bacteria;
Desulfovibrio vulgaris Miyazaki F	3180	FitnessBrowser	Miya	ser	serA	d__Bacteria;
Desulfovibrio vulgaris Miyazaki F	3180	FitnessBrowser	Miya	ser	serC	d__Bacteria;
Desulfovibrio vulgaris Miyazaki F	3180	FitnessBrowser	Miya	his	hisN	d__Bacteria;
Desulfovibrio vulgaris Miyazaki F	3180	FitnessBrowser	Miya	ser	serB	d__Bacteria;
Pedobacter sp. GW460-11-11-14-LB5	4964	FitnessBrowser	Pedo557	lys	dapE	d__Bacteria;
Phaeobacter inhibens BS107	3875	FitnessBrowser	Phaeo	thr	thrB	d__Bacteria;
Synechococcus elongatus PCC 7942	2669	FitnessBrowser	SynE	his	hisN	d__Bacteria;
Synechococcus elongatus PCC 7942	2669	FitnessBrowser	SynE	phe	pdehyd	d__Bacteria;
Synechococcus elongatus PCC 7942	2669	FitnessBrowser	SynE	ser	serB	d__Bacteria;
Synechococcus elongatus PCC 7942	2669	FitnessBrowser	SynE	his	hisC	d__Bacteria;
Desulfovibrio vulgaris Hildenborough	3399	MicrobesOnline	882	his	hisN	d__Bacteria;
Desulfovibrio vulgaris Hildenborough	3399	MicrobesOnline	882	ser	serA	d__Bacteria;
Desulfovibrio vulgaris Hildenborough	3399	MicrobesOnline	882	ser	serB	d__Bacteria;
Desulfovibrio vulgaris Hildenborough	3399	MicrobesOnline	882	ser	serC	d__Bacteria;
Chlorobaculum tepidum TLS	2245	NCBI	GCF_000006985.1	his	hisI	d__Bacteria;p__Bacteroidota;c__Chlorobia;o__Chlorobiales;f__Chlorobiaceae;g__Chlorobaculum;s__Chlorobaculum tepidum
Chlorobaculum tepidum TLS	2245	NCBI	GCF_000006985.1	ser	serA	d__Bacteria;p__Bacteroidota;c__Chlorobia;o__Chlorobiales;f__Chlorobiaceae;g__Chlorobaculum;s__Chlorobaculum tepidum
Methanosarcina mazei Go1	3317	NCBI	GCF_000007065.1	his	hisN	d__Archaea;p__Halobacterota;c__Methanosarcinia;o__Methanosarcinales;f__Methanosarcinaceae;g__Methanosarcina;s__Methanosarcina mazei
Methanosarcina mazei Go1	3317	NCBI	GCF_000007065.1	lys	dapF	d__Archaea;p__Halobacterota;c__Methanosarcinia;o__Methanosarcinales;f__Methanosarcinaceae;g__Methanosarcina;s__Methanosarcina mazei
Methanosarcina mazei Go1	3317	NCBI	GCF_000007065.1	met	metE	d__Archaea;p__Halobacterota;c__Methanosarcinia;o__Methanosarcinales;f__Methanosarcinaceae;g__Methanosarcina;s__Methanosarcina mazei
Methanosarcina mazei Go1	3317	NCBI	GCF_000007065.1	thr	thrB	d__Archaea;p__Halobacterota;c__Methanosarcinia;o__Methanosarcinales;f__Methanosarcinaceae;g__Methanosarcina;s__Methanosarcina mazei
Methanosarcina acetivorans C2A	4492	NCBI	GCF_000007345.1	his	hisN	d__Archaea;p__Halobacterota;c__Methanosarcinia;o__Methanosarcinales;f__Methanosarcinaceae;g__Methanosarcina;s__Methanosarcina acetivorans
Methanosarcina acetivorans C2A	4492	NCBI	GCF_000007345.1	lys	dapF	d__Archaea;p__Halobacterota;c__Methanosarcinia;o__Methanosarcinales;f__Methanosarcinaceae;g__Methanosarcina;s__Methanosarcina acetivorans
Methanosarcina acetivorans C2A	4492	NCBI	GCF_000007345.1	met	metE	d__Archaea;p__Halobacterota;c__Methanosarcinia;o__Methanosarcinales;f__Methanosarcinaceae;g__Methanosarcina;s__Methanosarcina acetivorans
Methanosarcina acetivorans C2A	4492	NCBI	GCF_000007345.1	thr	thrB	d__Archaea;p__Halobacterota;c__Methanosarcinia;o__Methanosarcinales;f__Methanosarcinaceae;g__Methanosarcina;s__Methanosarcina acetivorans
Methylococcus capsulatus Bath	2926	NCBI	GCF_000008325.1	thr	thrB	d__Bacteria;p__Proteobacteria;c__Gammaproteobacteria;o__Methylococcales;f__Methylococcaceae;g__Methylococcus;s__Methylococcus capsulatus
Methanothermobacter thermautotrophicus Delta H	1756	NCBI	GCF_000008645.1	his	hisN	d__Archaea;p__Euryarchaeota;c__Methanobacteria;o__Methanobacteriales;f__Methanothermobacteriaceae;g__Methanothermobacter;s__Methanothermobacter thermautotrophicus
Methanothermobacter thermautotrophicus Delta H	1756	NCBI	GCF_000008645.1	met	B12_reactivation_domain	d__Archaea;p__Euryarchaeota;c__Methanobacteria;o__Methanobacteriales;f__Methanothermobacteriaceae;g__Methanothermobacter;s__Methanothermobacter thermautotrophicus
Methanothermobacter thermautotrophicus Delta H	1756	NCBI	GCF_000008645.1	pro	cyclodeaminase	d__Archaea;p__Euryarchaeota;c__Methanobacteria;o__Methanobacteriales;f__Methanothermobacteriaceae;g__Methanothermobacter;s__Methanothermobacter thermautotrophicus
Methanothermobacter thermautotrophicus Delta H	1756	NCBI	GCF_000008645.1	thr	thrB	d__Archaea;p__Euryarchaeota;c__Methanobacteria;o__Methanobacteriales;f__Methanothermobacteriaceae;g__Methanothermobacter;s__Methanothermobacter thermautotrophicus
Methanothermobacter thermautotrophicus Delta H	1756	NCBI	GCF_000008645.1	tyr	predehyd	d__Archaea;p__Euryarchaeota;c__Methanobacteria;o__Methanobacteriales;f__Methanothermobacteriaceae;g__Methanothermobacter;s__Methanothermobacter thermautotrophicus
Dehalococcoides mccartyi 195	1418	NCBI	GCF_000011905.1	his	hisI	d__Bacteria;p__Chloroflexota;c__Dehalococcoidia;o__Dehalococcoidales;f__Dehalococcoidaceae;g__Dehalococcoides;s__Dehalococcoides mccartyi
Dehalococcoides mccartyi 195	1418	NCBI	GCF_000011905.1	his	hisN	d__Bacteria;p__Chloroflexota;c__Dehalococcoidia;o__Dehalococcoidales;f__Dehalococcoidaceae;g__Dehalococcoides;s__Dehalococcoides mccartyi
Dehalococcoides mccartyi 195	1418	NCBI	GCF_000011905.1	met	metH	d__Bacteria;p__Chloroflexota;c__Dehalococcoidia;o__Dehalococcoidales;f__Dehalococcoidaceae;g__Dehalococcoides;s__Dehalococcoides mccartyi
Dehalococcoides mccartyi 195	1418	NCBI	GCF_000011905.1	thr	thrB	d__Bacteria;p__Chloroflexota;c__Dehalococcoidia;o__Dehalococcoidales;f__Dehalococcoidaceae;g__Dehalococcoides;s__Dehalococcoides mccartyi
Dehalococcoides mccartyi 195	1418	NCBI	GCF_000011905.1	tyr	predehyd	d__Bacteria;p__Chloroflexota;c__Dehalococcoidia;o__Dehalococcoidales;f__Dehalococcoidaceae;g__Dehalococcoides;s__Dehalococcoides mccartyi
Geobacter metallireducens GS-15	3473	NCBI	GCF_000012925.1	his	hisN	d__Bacteria;p__Desulfuromonadota;c__Desulfuromonadia;o__Geobacterales;f__Geobacteraceae;g__Geobacter;s__Geobacter metallireducens
Geobacter metallireducens GS-15	3473	NCBI	GCF_000012925.1	ser	serB	d__Bacteria;p__Desulfuromonadota;c__Desulfuromonadia;o__Geobacterales;f__Geobacteraceae;g__Geobacter;s__Geobacter metallireducens
Geobacter metallireducens GS-15	3473	NCBI	GCF_000012925.1	thr	thrB	d__Bacteria;p__Desulfuromonadota;c__Desulfuromonadia;o__Geobacterales;f__Geobacteraceae;g__Geobacter;s__Geobacter metallireducens
Sulfurimonas denitrificans DSM 1251	2119	NCBI	GCF_000012965.1	ser	serC	d__Bacteria;p__Campylobacterota;c__Campylobacteria;o__Campylobacterales;f__Sulfurimonadaceae;g__Sulfurimonas;s__Sulfurimonas denitrificans
Trichodesmium erythraeum IMS101	4481	NCBI	GCF_000014265.1	his	hisN	d__Bacteria;p__Cyanobacteria;c__Cyanobacteriia;o__Cyanobacteriales;f__Phormidiaceae;g__Trichodesmium;s__Trichodesmium erythraeum
Trichodesmium erythraeum IMS101	4481	NCBI	GCF_000014265.1	met	asd_S_perS	d__Bacteria;p__Cyanobacteria;c__Cyanobacteriia;o__Cyanobacteriales;f__Phormidiaceae;g__Trichodesmium;s__Trichodesmium erythraeum
Trichodesmium erythraeum IMS101	4481	NCBI	GCF_000014265.1	ser	serB	d__Bacteria;p__Cyanobacteria;c__Cyanobacteriia;o__Cyanobacteriales;f__Phormidiaceae;g__Trichodesmium;s__Trichodesmium erythraeum
Pelobacter propionicus DSM 2379	3682	NCBI	GCF_000015045.1	his	hisN	d__Bacteria;p__Desulfuromonadota;c__Desulfuromonadia;o__Geobacterales;f__Pelobacteraceae;g__Pelobacter_C;s__Pelobacter_C propionicus
Pelobacter propionicus DSM 2379	3682	NCBI	GCF_000015045.1	thr	thrB	d__Bacteria;p__Desulfuromonadota;c__Desulfuromonadia;o__Geobacterales;f__Pelobacteraceae;g__Pelobacter_C;s__Pelobacter_C propionicus
Halorhodospira halophila SL1	2402	NCBI	GCF_000015585.1	thr	thrB	d__Bacteria;p__Proteobacteria;c__Gammaproteobacteria;o__Nitrococcales;f__Halorhodospiraceae;g__Halorhodospira;s__Halorhodospira halophila
Rhodobacter sphaeroides ATCC 17029	4156	NCBI	GCF_000015985.1	thr	thrB	d__Bacteria;p__Proteobacteria;c__Alphaproteobacteria;o__Rhodobacterales;f__Rhodobacteraceae;g__Rhodobacter_A;s__Rhodobacter_A sphaeroides
Methanococcus maripaludis C5	1819	NCBI	GCF_000016125.1	gly	glyA	d__Archaea;p__Euryarchaeota;c__Methanococci;o__Methanococcales;f__Methanococcaceae;g__Methanococcus;s__Methanococcus maripaludis_D
Methanococcus maripaludis C5	1819	NCBI	GCF_000016125.1	his	hisN	d__Archaea;p__Euryarchaeota;c__Methanococci;o__Methanococcales;f__Methanococcaceae;g__Methanococcus;s__Methanococcus maripaludis_D
Methanococcus maripaludis C5	1819	NCBI	GCF_000016125.1	pro	cyclodeaminase	d__Archaea;p__Euryarchaeota;c__Methanococci;o__Methanococcales;f__Methanococcaceae;g__Methanococcus;s__Methanococcus maripaludis_D
Methanococcus maripaludis C5	1819	NCBI	GCF_000016125.1	tyr	predehyd	d__Archaea;p__Euryarchaeota;c__Methanococci;o__Methanococcales;f__Methanococcaceae;g__Methanococcus;s__Methanococcus maripaludis_D
Geobacter uraniireducens Rf4	4322	NCBI	GCF_000016745.1	his	hisN	d__Bacteria;p__Desulfuromonadota;c__Desulfuromonadia;o__Geobacterales;f__Geobacteraceae;g__Geobacter_B;s__Geobacter_B uraniireducens
Geobacter uraniireducens Rf4	4322	NCBI	GCF_000016745.1	ser	serB	d__Bacteria;p__Desulfuromonadota;c__Desulfuromonadia;o__Geobacterales;f__Geobacteraceae;g__Geobacter_B;s__Geobacter_B uraniireducens
Geobacter uraniireducens Rf4	4322	NCBI	GCF_000016745.1	thr	thrB	d__Bacteria;p__Desulfuromonadota;c__Desulfuromonadia;o__Geobacterales;f__Geobacteraceae;g__Geobacter_B;s__Geobacter_B uraniireducens
Methanococcus aeolicus Nankai-3	1489	NCBI	GCF_000017185.1	his	hisN	d__Archaea;p__Euryarchaeota;c__Methanococci;o__Methanococcales;f__Methanococcaceae;g__Methanothermococcus_A;s__Methanothermococcus_A aeolicus
Methanococcus aeolicus Nankai-3	1489	NCBI	GCF_000017185.1	met	asd_S_ferredoxin	d__Archaea;p__Euryarchaeota;c__Methanococci;o__Methanococcales;f__Methanococcaceae;g__Methanothermococcus_A;s__Methanothermococcus_A aeolicus
Methanococcus aeolicus Nankai-3	1489	NCBI	GCF_000017185.1	pro	cyclodeaminase	d__Archaea;p__Euryarchaeota;c__Methanococci;o__Methanococcales;f__Methanococcaceae;g__Methanothermococcus_A;s__Methanothermococcus_A aeolicus
Methanococcus aeolicus Nankai-3	1489	NCBI	GCF_000017185.1	tyr	predehyd	d__Archaea;p__Euryarchaeota;c__Methanococci;o__Methanococcales;f__Methanococcaceae;g__Methanothermococcus_A;s__Methanothermococcus_A aeolicus
Cyanothece sp. ATCC 51142	4883	NCBI	GCF_000017845.1	met	asd_S_perS	d__Bacteria;p__Cyanobacteria;c__Cyanobacteriia;o__Cyanobacteriales;f__Microcystaceae;g__Crocosphaera;s__Crocosphaera sp000017845
Heliobacterium modesticaldum Ice1; ATCC 51547	2596	NCBI	GCF_000019165.1	met	B12_reactivation_domain	d__Bacteria;p__Firmicutes_B;c__Desulfitobacteriia;o__Heliobacteriales;f__Heliobacteriaceae;g__Heliobacterium;s__Heliobacterium modesticaldum
Geobacter lovleyi SZ	3587	NCBI	GCF_000020385.1	his	hisN	d__Bacteria;p__Desulfuromonadota;c__Desulfuromonadia;o__Geobacterales;f__Pelobacteraceae;g__Geobacter_C;s__Geobacter_C lovleyi
Geobacter lovleyi SZ	3587	NCBI	GCF_000020385.1	ser	serB	d__Bacteria;p__Desulfuromonadota;c__Desulfuromonadia;o__Geobacterales;f__Pelobacteraceae;g__Geobacter_C;s__Geobacter_C lovleyi
Chlorobium limicola DSM 245	2422	NCBI	GCF_000020465.1	his	hisI	d__Bacteria;p__Bacteroidota;c__Chlorobia;o__Chlorobiales;f__Chlorobiaceae;g__Chlorobium;s__Chlorobium limicola
Chlorobium limicola DSM 245	2422	NCBI	GCF_000020465.1	tyr	predehyd	d__Bacteria;p__Bacteroidota;c__Chlorobia;o__Chlorobiales;f__Chlorobiaceae;g__Chlorobium;s__Chlorobium limicola
Chlorobaculum parvum NCIB 8327	2047	NCBI	GCF_000020505.1	his	hisI	d__Bacteria;p__Bacteroidota;c__Chlorobia;o__Chlorobiales;f__Chlorobiaceae;g__Chlorobaculum;s__Chlorobaculum parvum
Chlorobaculum parvum NCIB 8327	2047	NCBI	GCF_000020505.1	his	hisN	d__Bacteria;p__Bacteroidota;c__Chlorobia;o__Chlorobiales;f__Chlorobiaceae;g__Chlorobaculum;s__Chlorobaculum parvum
Chlorobaculum parvum NCIB 8327	2047	NCBI	GCF_000020505.1	ser	serA	d__Bacteria;p__Bacteroidota;c__Chlorobia;o__Chlorobiales;f__Chlorobiaceae;g__Chlorobaculum;s__Chlorobaculum parvum
Chlorobaculum parvum NCIB 8327	2047	NCBI	GCF_000020505.1	tyr	predehyd	d__Bacteria;p__Bacteroidota;c__Chlorobia;o__Chlorobiales;f__Chlorobiaceae;g__Chlorobaculum;s__Chlorobaculum parvum
Chlorobium phaeobacteroides BS1	2417	NCBI	GCF_000020545.1	his	hisI	d__Bacteria;p__Bacteroidota;c__Chlorobia;o__Chlorobiales;f__Chlorobiaceae;g__Chlorobium_A;s__Chlorobium_A phaeobacteroides
Prosthecochloris aestuarii DSM 271	2318	NCBI	GCF_000020625.1	his	hisI	d__Bacteria;p__Bacteroidota;c__Chlorobia;o__Chlorobiales;f__Chlorobiaceae;g__Prosthecochloris;s__Prosthecochloris aestuarii
Prosthecochloris aestuarii DSM 271	2318	NCBI	GCF_000020625.1	ser	serA	d__Bacteria;p__Bacteroidota;c__Chlorobia;o__Chlorobiales;f__Chlorobiaceae;g__Prosthecochloris;s__Prosthecochloris aestuarii
Prosthecochloris aestuarii DSM 271	2318	NCBI	GCF_000020625.1	ser	serC	d__Bacteria;p__Bacteroidota;c__Chlorobia;o__Chlorobiales;f__Chlorobiaceae;g__Prosthecochloris;s__Prosthecochloris aestuarii
Sulfurihydrogenibium azorense Az-Fu1	1657	NCBI	GCF_000021545.1	chorismate	fbp	d__Bacteria;p__Aquificota;c__Aquificae;o__Hydrogenothermales;f__Hydrogenothermaceae;g__Sulfurihydrogenibium;s__Sulfurihydrogenibium azorense
Sulfurihydrogenibium azorense Az-Fu1	1657	NCBI	GCF_000021545.1	cys	cysE	d__Bacteria;p__Aquificota;c__Aquificae;o__Hydrogenothermales;f__Hydrogenothermaceae;g__Sulfurihydrogenibium;s__Sulfurihydrogenibium azorense
Sulfurihydrogenibium azorense Az-Fu1	1657	NCBI	GCF_000021545.1	his	hisN	d__Bacteria;p__Aquificota;c__Aquificae;o__Hydrogenothermales;f__Hydrogenothermaceae;g__Sulfurihydrogenibium;s__Sulfurihydrogenibium azorense
Sulfurihydrogenibium azorense Az-Fu1	1657	NCBI	GCF_000021545.1	met	metB	d__Bacteria;p__Aquificota;c__Aquificae;o__Hydrogenothermales;f__Hydrogenothermaceae;g__Sulfurihydrogenibium;s__Sulfurihydrogenibium azorense
Sulfurihydrogenibium azorense Az-Fu1	1657	NCBI	GCF_000021545.1	met	metC	d__Bacteria;p__Aquificota;c__Aquificae;o__Hydrogenothermales;f__Hydrogenothermaceae;g__Sulfurihydrogenibium;s__Sulfurihydrogenibium azorense
Sulfurihydrogenibium azorense Az-Fu1	1657	NCBI	GCF_000021545.1	ser	serC	d__Bacteria;p__Aquificota;c__Aquificae;o__Hydrogenothermales;f__Hydrogenothermaceae;g__Sulfurihydrogenibium;s__Sulfurihydrogenibium azorense
Persephonella marina EX-H1	2032	NCBI	GCF_000021565.1	chorismate	fbp	d__Bacteria;p__Aquificota;c__Aquificae;o__Hydrogenothermales;f__Hydrogenothermaceae;g__Persephonella;s__Persephonella marina
Persephonella marina EX-H1	2032	NCBI	GCF_000021565.1	cys	cysE	d__Bacteria;p__Aquificota;c__Aquificae;o__Hydrogenothermales;f__Hydrogenothermaceae;g__Persephonella;s__Persephonella marina
Persephonella marina EX-H1	2032	NCBI	GCF_000021565.1	his	hisN	d__Bacteria;p__Aquificota;c__Aquificae;o__Hydrogenothermales;f__Hydrogenothermaceae;g__Persephonella;s__Persephonella marina
Persephonella marina EX-H1	2032	NCBI	GCF_000021565.1	met	metB	d__Bacteria;p__Aquificota;c__Aquificae;o__Hydrogenothermales;f__Hydrogenothermaceae;g__Persephonella;s__Persephonella marina
Persephonella marina EX-H1	2032	NCBI	GCF_000021565.1	met	metC	d__Bacteria;p__Aquificota;c__Aquificae;o__Hydrogenothermales;f__Hydrogenothermaceae;g__Persephonella;s__Persephonella marina
Desulfitobacterium hafniense DCB-2	4786	NCBI	GCF_000021925.1	met	metH	d__Bacteria;p__Firmicutes_B;c__Desulfitobacteriia;o__Desulfitobacteriales;f__Desulfitobacteriaceae;g__Desulfitobacterium;s__Desulfitobacterium hafniense
Desulfitobacterium hafniense DCB-2	4786	NCBI	GCF_000021925.1	ser	serA	d__Bacteria;p__Firmicutes_B;c__Desulfitobacteriia;o__Desulfitobacteriales;f__Desulfitobacteriaceae;g__Desulfitobacterium;s__Desulfitobacterium hafniense
Acidimicrobium ferrooxidans DSM 10331	2005	NCBI	GCF_000023265.1	his	hisI	d__Bacteria;p__Actinobacteriota;c__Acidimicrobiia;o__Acidimicrobiales;f__Acidimicrobiaceae;g__Acidimicrobium;s__Acidimicrobium ferrooxidans
Acidimicrobium ferrooxidans DSM 10331	2005	NCBI	GCF_000023265.1	his	hisN	d__Bacteria;p__Actinobacteriota;c__Acidimicrobiia;o__Acidimicrobiales;f__Acidimicrobiaceae;g__Acidimicrobium;s__Acidimicrobium ferrooxidans
Acidimicrobium ferrooxidans DSM 10331	2005	NCBI	GCF_000023265.1	met	metB	d__Bacteria;p__Actinobacteriota;c__Acidimicrobiia;o__Acidimicrobiales;f__Acidimicrobiaceae;g__Acidimicrobium;s__Acidimicrobium ferrooxidans
Thermomonospora curvata DSM 43183	4778	NCBI	GCF_000024385.1	his	hisI	d__Bacteria;p__Actinobacteriota;c__Actinobacteria;o__Streptosporangiales;f__Streptosporangiaceae;g__Thermomonospora;s__Thermomonospora curvata
Allochromatium vinosum DSM 180	3212	NCBI	GCF_000025485.1	thr	thrB	d__Bacteria;p__Proteobacteria;c__Gammaproteobacteria;o__Chromatiales;f__Chromatiaceae;g__Allochromatium;s__Allochromatium vinosum
Ferroglobus placidus DSM 10642	2467	NCBI	GCF_000025505.1	his	hisN	d__Archaea;p__Halobacterota;c__Archaeoglobi;o__Archaeoglobales;f__Archaeoglobaceae;g__Ferroglobus;s__Ferroglobus placidus
Ferroglobus placidus DSM 10642	2467	NCBI	GCF_000025505.1	met	metH	d__Archaea;p__Halobacterota;c__Archaeoglobi;o__Archaeoglobales;f__Archaeoglobaceae;g__Ferroglobus;s__Ferroglobus placidus
Ferroglobus placidus DSM 10642	2467	NCBI	GCF_000025505.1	pro	cyclodeaminase	d__Archaea;p__Halobacterota;c__Archaeoglobi;o__Archaeoglobales;f__Archaeoglobaceae;g__Ferroglobus;s__Ferroglobus placidus
Ferroglobus placidus DSM 10642	2467	NCBI	GCF_000025505.1	thr	thrB	d__Archaea;p__Halobacterota;c__Archaeoglobi;o__Archaeoglobales;f__Archaeoglobaceae;g__Ferroglobus;s__Ferroglobus placidus
Thermocrinis albus DSM 14484	1579	NCBI	GCF_000025605.1	cys	cysE	d__Bacteria;p__Aquificota;c__Aquificae;o__Aquificales;f__Aquificaceae;g__Thermocrinis;s__Thermocrinis albus
Thermocrinis albus DSM 14484	1579	NCBI	GCF_000025605.1	his	hisN	d__Bacteria;p__Aquificota;c__Aquificae;o__Aquificales;f__Aquificaceae;g__Thermocrinis;s__Thermocrinis albus
Thermocrinis albus DSM 14484	1579	NCBI	GCF_000025605.1	met	metB	d__Bacteria;p__Aquificota;c__Aquificae;o__Aquificales;f__Aquificaceae;g__Thermocrinis;s__Thermocrinis albus
Thermocrinis albus DSM 14484	1579	NCBI	GCF_000025605.1	met	metC	d__Bacteria;p__Aquificota;c__Aquificae;o__Aquificales;f__Aquificaceae;g__Thermocrinis;s__Thermocrinis albus
Thermocrinis albus DSM 14484	1579	NCBI	GCF_000025605.1	ser	serC	d__Bacteria;p__Aquificota;c__Aquificae;o__Aquificales;f__Aquificaceae;g__Thermocrinis;s__Thermocrinis albus
Denitrovibrio acetiphilus DSM 12809	2905	NCBI	GCF_000025725.1	his	hisN	d__Bacteria;p__Deferribacterota;c__Deferribacteres;o__Deferribacterales;f__Denitrovibrionaceae;g__Denitrovibrio;s__Denitrovibrio acetiphilus
Denitrovibrio acetiphilus DSM 12809	2905	NCBI	GCF_000025725.1	ser	serB	d__Bacteria;p__Deferribacterota;c__Deferribacteres;o__Deferribacterales;f__Denitrovibrionaceae;g__Denitrovibrio;s__Denitrovibrio acetiphilus
Denitrovibrio acetiphilus DSM 12809	2905	NCBI	GCF_000025725.1	thr	thrB	d__Bacteria;p__Deferribacterota;c__Deferribacteres;o__Deferribacterales;f__Denitrovibrionaceae;g__Denitrovibrio;s__Denitrovibrio acetiphilus
Desulfotalea psychrophila LSv54	3128	NCBI	GCF_000025945.1	his	hisI	d__Bacteria;p__Desulfobacterota;c__Desulfobulbia;o__Desulfobulbales;f__Desulfocapsaceae;g__Desulfotalea;s__Desulfotalea psychrophila
Desulfotalea psychrophila LSv54	3128	NCBI	GCF_000025945.1	his	hisN	d__Bacteria;p__Desulfobacterota;c__Desulfobulbia;o__Desulfobulbales;f__Desulfocapsaceae;g__Desulfotalea;s__Desulfotalea psychrophila
Desulfotalea psychrophila LSv54	3128	NCBI	GCF_000025945.1	ser	serA	d__Bacteria;p__Desulfobacterota;c__Desulfobulbia;o__Desulfobulbales;f__Desulfocapsaceae;g__Desulfotalea;s__Desulfotalea psychrophila
Desulfotalea psychrophila LSv54	3128	NCBI	GCF_000025945.1	ser	serB	d__Bacteria;p__Desulfobacterota;c__Desulfobulbia;o__Desulfobulbales;f__Desulfocapsaceae;g__Desulfotalea;s__Desulfotalea psychrophila
Desulfotalea psychrophila LSv54	3128	NCBI	GCF_000025945.1	tyr	predehyd	d__Bacteria;p__Desulfobacterota;c__Desulfobulbia;o__Desulfobulbales;f__Desulfocapsaceae;g__Desulfotalea;s__Desulfotalea psychrophila
Arcobacter nitrofigilis DSM 7299	3085	NCBI	GCF_000092245.1	ser	serC	d__Bacteria;p__Campylobacterota;c__Campylobacteria;o__Campylobacterales;f__Arcobacteraceae;g__Arcobacter;s__Arcobacter nitrofigilis
Kyrpidia tusciae DSM 2912	3115	NCBI	GCF_000092905.1	his	hisN	d__Bacteria;p__Firmicutes_K;c__Alicyclobacillia;o__Kyrpidiales;f__Kyrpidiaceae;g__Kyrpidia;s__Kyrpidia tusciae
Desulfarculus baarsii DSM 2075	3236	NCBI	GCF_000143965.1	his	hisN	d__Bacteria;p__Desulfobacterota;c__Desulfarculia;o__Desulfarculales;f__Desulfarculaceae;g__Desulfarculus;s__Desulfarculus baarsii
Desulfarculus baarsii DSM 2075	3236	NCBI	GCF_000143965.1	met	metH	d__Bacteria;p__Desulfobacterota;c__Desulfarculia;o__Desulfarculales;f__Desulfarculaceae;g__Desulfarculus;s__Desulfarculus baarsii
Desulfarculus baarsii DSM 2075	3236	NCBI	GCF_000143965.1	ser	serA	d__Bacteria;p__Desulfobacterota;c__Desulfarculia;o__Desulfarculales;f__Desulfarculaceae;g__Desulfarculus;s__Desulfarculus baarsii
Desulfarculus baarsii DSM 2075	3236	NCBI	GCF_000143965.1	tyr	predehyd	d__Bacteria;p__Desulfobacterota;c__Desulfarculia;o__Desulfarculales;f__Desulfarculaceae;g__Desulfarculus;s__Desulfarculus baarsii
Caminibacter mediatlanticus TB-2	1688	NCBI	GCF_000170735.1	ser	serC	d__Bacteria;p__Campylobacterota;c__Campylobacteria;o__Nautiliales;f__Nautiliaceae;g__Caminibacter;s__Caminibacter mediatlanticus
Calditerrivibrio nitroreducens DSM 19672	2088	NCBI	GCF_000183405.1	his	hisN	d__Bacteria;p__Deferribacterota;c__Deferribacteres;o__Deferribacterales;f__Calditerrivibrionaceae;g__Calditerrivibrio;s__Calditerrivibrio nitroreducens
Calditerrivibrio nitroreducens DSM 19672	2088	NCBI	GCF_000183405.1	ser	serB	d__Bacteria;p__Deferribacterota;c__Deferribacteres;o__Deferribacterales;f__Calditerrivibrionaceae;g__Calditerrivibrio;s__Calditerrivibrio nitroreducens
Calditerrivibrio nitroreducens DSM 19672	2088	NCBI	GCF_000183405.1	thr	thrB	d__Bacteria;p__Deferribacterota;c__Deferribacteres;o__Deferribacterales;f__Calditerrivibrionaceae;g__Calditerrivibrio;s__Calditerrivibrio nitroreducens
Sulfuricurvum kujiense DSM 16994	2768	NCBI	GCF_000183725.1	ser	serC	d__Bacteria;p__Campylobacterota;c__Campylobacteria;o__Campylobacterales;f__Sulfurimonadaceae;g__Sulfuricurvum;s__Sulfuricurvum kujiense
Thermovibrio ammonificans HB-1	1800	NCBI	GCF_000185805.1	chorismate	fbp	d__Bacteria;p__Aquificota;c__Desulfurobacteriia;o__Desulfurobacteriales;f__Desulfurobacteriaceae;g__Thermovibrio;s__Thermovibrio ammonificans
Thermovibrio ammonificans HB-1	1800	NCBI	GCF_000185805.1	his	hisN	d__Bacteria;p__Aquificota;c__Desulfurobacteriia;o__Desulfurobacteriales;f__Desulfurobacteriaceae;g__Thermovibrio;s__Thermovibrio ammonificans
Thermovibrio ammonificans HB-1	1800	NCBI	GCF_000185805.1	met	asd_S_perS	d__Bacteria;p__Aquificota;c__Desulfurobacteriia;o__Desulfurobacteriales;f__Desulfurobacteriaceae;g__Thermovibrio;s__Thermovibrio ammonificans
Thermovibrio ammonificans HB-1	1800	NCBI	GCF_000185805.1	ser	serC	d__Bacteria;p__Aquificota;c__Desulfurobacteriia;o__Desulfurobacteriales;f__Desulfurobacteriaceae;g__Thermovibrio;s__Thermovibrio ammonificans
Nitratifractor salsuginis DSM 16511	2075	NCBI	GCF_000186245.1	ser	serC	d__Bacteria;p__Campylobacterota;c__Campylobacteria;o__Campylobacterales;f__Sulfurovaceae;g__Nitratifractor;s__Nitratifractor salsuginis
Methanobacterium lacus AL-21	2451	NCBI	GCF_000191585.1	his	hisN	d__Archaea;p__Euryarchaeota;c__Methanobacteria;o__Methanobacteriales;f__Methanobacteriaceae;g__Methanobacterium_B;s__Methanobacterium_B lacus
Methanobacterium lacus AL-21	2451	NCBI	GCF_000191585.1	pro	cyclodeaminase	d__Archaea;p__Euryarchaeota;c__Methanobacteria;o__Methanobacteriales;f__Methanobacteriaceae;g__Methanobacterium_B;s__Methanobacterium_B lacus
Methanobacterium lacus AL-21	2451	NCBI	GCF_000191585.1	thr	thrB	d__Archaea;p__Euryarchaeota;c__Methanobacteria;o__Methanobacteriales;f__Methanobacteriaceae;g__Methanobacterium_B;s__Methanobacterium_B lacus
Archaeoglobus veneficus SNP6	2055	NCBI	GCF_000194625.1	his	hisN	d__Archaea;p__Halobacterota;c__Archaeoglobi;o__Archaeoglobales;f__Archaeoglobaceae;g__Archaeoglobus_C;s__Archaeoglobus_C veneficus
Archaeoglobus veneficus SNP6	2055	NCBI	GCF_000194625.1	met	metE	d__Archaea;p__Halobacterota;c__Archaeoglobi;o__Archaeoglobales;f__Archaeoglobaceae;g__Archaeoglobus_C;s__Archaeoglobus_C veneficus
Archaeoglobus veneficus SNP6	2055	NCBI	GCF_000194625.1	pro	cyclodeaminase	d__Archaea;p__Halobacterota;c__Archaeoglobi;o__Archaeoglobales;f__Archaeoglobaceae;g__Archaeoglobus_C;s__Archaeoglobus_C veneficus
Archaeoglobus veneficus SNP6	2055	NCBI	GCF_000194625.1	thr	thrB	d__Archaea;p__Halobacterota;c__Archaeoglobi;o__Archaeoglobales;f__Archaeoglobaceae;g__Archaeoglobus_C;s__Archaeoglobus_C veneficus
Desulfobacca acetoxidans DSM 11109	2882	NCBI	GCF_000195295.1	cys	cysE	d__Bacteria;p__Desulfobacterota;c__Desulfobaccia;o__Desulfobaccales;f__Desulfobaccaceae;g__Desulfobacca;s__Desulfobacca acetoxidans
Desulfobacca acetoxidans DSM 11109	2882	NCBI	GCF_000195295.1	his	hisI	d__Bacteria;p__Desulfobacterota;c__Desulfobaccia;o__Desulfobaccales;f__Desulfobaccaceae;g__Desulfobacca;s__Desulfobacca acetoxidans
Desulfobacca acetoxidans DSM 11109	2882	NCBI	GCF_000195295.1	his	hisN	d__Bacteria;p__Desulfobacterota;c__Desulfobaccia;o__Desulfobaccales;f__Desulfobaccaceae;g__Desulfobacca;s__Desulfobacca acetoxidans
Desulfobacca acetoxidans DSM 11109	2882	NCBI	GCF_000195295.1	met	metH	d__Bacteria;p__Desulfobacterota;c__Desulfobaccia;o__Desulfobaccales;f__Desulfobaccaceae;g__Desulfobacca;s__Desulfobacca acetoxidans
Desulfobacca acetoxidans DSM 11109	2882	NCBI	GCF_000195295.1	thr	thrB	d__Bacteria;p__Desulfobacterota;c__Desulfobaccia;o__Desulfobaccales;f__Desulfobaccaceae;g__Desulfobacca;s__Desulfobacca acetoxidans
Methanosarcina barkeri Fusaro	3748	NCBI	GCF_000195895.1	his	hisN	d__Archaea;p__Halobacterota;c__Methanosarcinia;o__Methanosarcinales;f__Methanosarcinaceae;g__Methanosarcina;s__Methanosarcina barkeri_B
Methanosarcina barkeri Fusaro	3748	NCBI	GCF_000195895.1	lys	dapF	d__Archaea;p__Halobacterota;c__Methanosarcinia;o__Methanosarcinales;f__Methanosarcinaceae;g__Methanosarcina;s__Methanosarcina barkeri_B
Methanosarcina barkeri Fusaro	3748	NCBI	GCF_000195895.1	met	metE	d__Archaea;p__Halobacterota;c__Methanosarcinia;o__Methanosarcinales;f__Methanosarcinaceae;g__Methanosarcina;s__Methanosarcina barkeri_B
Methanosarcina barkeri Fusaro	3748	NCBI	GCF_000195895.1	thr	thrB	d__Archaea;p__Halobacterota;c__Methanosarcinia;o__Methanosarcinales;f__Methanosarcinaceae;g__Methanosarcina;s__Methanosarcina barkeri_B
Trichormus variabilis ATCC 29413	5604	NCBI	GCF_000204075.1	his	hisN	d__Bacteria;p__Cyanobacteria;c__Cyanobacteriia;o__Cyanobacteriales;f__Nostocaceae;g__Trichormus;s__Trichormus variabilis
Trichormus variabilis ATCC 29413	5604	NCBI	GCF_000204075.1	ile	ilvE	d__Bacteria;p__Cyanobacteria;c__Cyanobacteriia;o__Cyanobacteriales;f__Nostocaceae;g__Trichormus;s__Trichormus variabilis
Trichormus variabilis ATCC 29413	5604	NCBI	GCF_000204075.1	leu	ilvE	d__Bacteria;p__Cyanobacteria;c__Cyanobacteriia;o__Cyanobacteriales;f__Nostocaceae;g__Trichormus;s__Trichormus variabilis
Trichormus variabilis ATCC 29413	5604	NCBI	GCF_000204075.1	val	ilvE	d__Bacteria;p__Cyanobacteria;c__Cyanobacteriia;o__Cyanobacteriales;f__Nostocaceae;g__Trichormus;s__Trichormus variabilis
Methylomonas methanica MC09	4433	NCBI	GCF_000214665.1	thr	thrB	d__Bacteria;p__Proteobacteria;c__Gammaproteobacteria;o__Methylococcales;f__Methylomonadaceae;g__Methylomonas;s__Methylomonas methanica_B
Pyrolobus fumarii 1A	1906	NCBI	GCF_000223395.1	chorismate	aroA	d__Archaea;p__Crenarchaeota;c__Thermoprotei;o__Desulfurococcales;f__Pyrodictiaceae;g__Pyrolobus;s__Pyrolobus fumarii
Pyrolobus fumarii 1A	1906	NCBI	GCF_000223395.1	chorismate	aroD	d__Archaea;p__Crenarchaeota;c__Thermoprotei;o__Desulfurococcales;f__Pyrodictiaceae;g__Pyrolobus;s__Pyrolobus fumarii
Pyrolobus fumarii 1A	1906	NCBI	GCF_000223395.1	his	hisN	d__Archaea;p__Crenarchaeota;c__Thermoprotei;o__Desulfurococcales;f__Pyrodictiaceae;g__Pyrolobus;s__Pyrolobus fumarii
Pyrolobus fumarii 1A	1906	NCBI	GCF_000223395.1	ile	ilvI	d__Archaea;p__Crenarchaeota;c__Thermoprotei;o__Desulfurococcales;f__Pyrodictiaceae;g__Pyrolobus;s__Pyrolobus fumarii
Pyrolobus fumarii 1A	1906	NCBI	GCF_000223395.1	leu	ilvI	d__Archaea;p__Crenarchaeota;c__Thermoprotei;o__Desulfurococcales;f__Pyrodictiaceae;g__Pyrolobus;s__Pyrolobus fumarii
Pyrolobus fumarii 1A	1906	NCBI	GCF_000223395.1	met	hom	d__Archaea;p__Crenarchaeota;c__Thermoprotei;o__Desulfurococcales;f__Pyrodictiaceae;g__Pyrolobus;s__Pyrolobus fumarii
Pyrolobus fumarii 1A	1906	NCBI	GCF_000223395.1	met	metE	d__Archaea;p__Crenarchaeota;c__Thermoprotei;o__Desulfurococcales;f__Pyrodictiaceae;g__Pyrolobus;s__Pyrolobus fumarii
Pyrolobus fumarii 1A	1906	NCBI	GCF_000223395.1	pro	argJ	d__Archaea;p__Crenarchaeota;c__Thermoprotei;o__Desulfurococcales;f__Pyrodictiaceae;g__Pyrolobus;s__Pyrolobus fumarii
Pyrolobus fumarii 1A	1906	NCBI	GCF_000223395.1	pro	cyclodeaminase	d__Archaea;p__Crenarchaeota;c__Thermoprotei;o__Desulfurococcales;f__Pyrodictiaceae;g__Pyrolobus;s__Pyrolobus fumarii
Pyrolobus fumarii 1A	1906	NCBI	GCF_000223395.1	ser	serB	d__Archaea;p__Crenarchaeota;c__Thermoprotei;o__Desulfurococcales;f__Pyrodictiaceae;g__Pyrolobus;s__Pyrolobus fumarii
Pyrolobus fumarii 1A	1906	NCBI	GCF_000223395.1	thr	hom	d__Archaea;p__Crenarchaeota;c__Thermoprotei;o__Desulfurococcales;f__Pyrodictiaceae;g__Pyrolobus;s__Pyrolobus fumarii
Pyrolobus fumarii 1A	1906	NCBI	GCF_000223395.1	trp	trpA	d__Archaea;p__Crenarchaeota;c__Thermoprotei;o__Desulfurococcales;f__Pyrodictiaceae;g__Pyrolobus;s__Pyrolobus fumarii
Pyrolobus fumarii 1A	1906	NCBI	GCF_000223395.1	trp	trpB	d__Archaea;p__Crenarchaeota;c__Thermoprotei;o__Desulfurococcales;f__Pyrodictiaceae;g__Pyrolobus;s__Pyrolobus fumarii
Pyrolobus fumarii 1A	1906	NCBI	GCF_000223395.1	val	ilvI	d__Archaea;p__Crenarchaeota;c__Thermoprotei;o__Desulfurococcales;f__Pyrodictiaceae;g__Pyrolobus;s__Pyrolobus fumarii
Thioalkalivibrio paradoxus ARh 1	3375	NCBI	GCF_000227685.2	ser	serB	d__Bacteria;p__Proteobacteria;c__Gammaproteobacteria;o__Ectothiorhodospirales;f__Thioalkalivibrionaceae;g__Thioalkalivibrio_B;s__Thioalkalivibrio_B paradoxus
Thioalkalivibrio paradoxus ARh 1	3375	NCBI	GCF_000227685.2	thr	thrB	d__Bacteria;p__Proteobacteria;c__Gammaproteobacteria;o__Ectothiorhodospirales;f__Thioalkalivibrionaceae;g__Thioalkalivibrio_B;s__Thioalkalivibrio_B paradoxus
Leptospirillum ferrooxidans C2-3	2477	NCBI	GCF_000284315.1	his	hisN	d__Bacteria;p__Nitrospirota_A;c__Leptospirillia;o__Leptospirillales;f__Leptospirillaceae;g__Leptospirillum;s__Leptospirillum ferrooxidans
Leptospirillum ferrooxidans C2-3	2477	NCBI	GCF_000284315.1	ser	serB	d__Bacteria;p__Nitrospirota_A;c__Leptospirillia;o__Leptospirillales;f__Leptospirillaceae;g__Leptospirillum;s__Leptospirillum ferrooxidans
Leptospirillum ferrooxidans C2-3	2477	NCBI	GCF_000284315.1	tyr	predehyd	d__Bacteria;p__Nitrospirota_A;c__Leptospirillia;o__Leptospirillales;f__Leptospirillaceae;g__Leptospirillum;s__Leptospirillum ferrooxidans
Methylosarcina fibrata AML-C10	4236	NCBI	GCF_000372865.1	thr	thrB	d__Bacteria;p__Proteobacteria;c__Gammaproteobacteria;o__Methylococcales;f__Methylomonadaceae;g__Methylosarcina;s__Methylosarcina fibrata
Desulfovibrio oxyclinae DSM 11498	3003	NCBI	GCF_000375485.1	chorismate	fbp	d__Bacteria;p__Desulfobacterota_A;c__Desulfovibrionia;o__Desulfovibrionales;f__Desulfovibrionaceae;g__Pseudodesulfovibrio;s__Pseudodesulfovibrio oxyclinae
Desulfovibrio oxyclinae DSM 11498	3003	NCBI	GCF_000375485.1	his	hisN	d__Bacteria;p__Desulfobacterota_A;c__Desulfovibrionia;o__Desulfovibrionales;f__Desulfovibrionaceae;g__Pseudodesulfovibrio;s__Pseudodesulfovibrio oxyclinae
Desulfovibrio oxyclinae DSM 11498	3003	NCBI	GCF_000375485.1	ile	ilvD	d__Bacteria;p__Desulfobacterota_A;c__Desulfovibrionia;o__Desulfovibrionales;f__Desulfovibrionaceae;g__Pseudodesulfovibrio;s__Pseudodesulfovibrio oxyclinae
Desulfovibrio oxyclinae DSM 11498	3003	NCBI	GCF_000375485.1	leu	ilvD	d__Bacteria;p__Desulfobacterota_A;c__Desulfovibrionia;o__Desulfovibrionales;f__Desulfovibrionaceae;g__Pseudodesulfovibrio;s__Pseudodesulfovibrio oxyclinae
Desulfovibrio oxyclinae DSM 11498	3003	NCBI	GCF_000375485.1	ser	serA	d__Bacteria;p__Desulfobacterota_A;c__Desulfovibrionia;o__Desulfovibrionales;f__Desulfovibrionaceae;g__Pseudodesulfovibrio;s__Pseudodesulfovibrio oxyclinae
Desulfovibrio oxyclinae DSM 11498	3003	NCBI	GCF_000375485.1	val	ilvD	d__Bacteria;p__Desulfobacterota_A;c__Desulfovibrionia;o__Desulfovibrionales;f__Desulfovibrionaceae;g__Pseudodesulfovibrio;s__Pseudodesulfovibrio oxyclinae
Thioalkalivibrio thiocyanodenitrificans ARhD 1	3412	NCBI	GCF_000378965.1	ser	serB	d__Bacteria;p__Proteobacteria;c__Gammaproteobacteria;o__Ectothiorhodospirales;f__Ectothiorhodospiraceae;g__Thioalkalivibrio_A;s__Thioalkalivibrio_A thiocyanodenitrificans
Methylovulum miyakonense HT12	4133	NCBI	GCF_000384075.1	thr	thrB	d__Bacteria;p__Proteobacteria;c__Gammaproteobacteria;o__Methylococcales;f__Methylomonadaceae;g__Methylovulum;s__Methylovulum miyakonense
Methyloferula stellata AR4T	3875	NCBI	GCF_000385335.1	ser	serA	d__Bacteria;p__Proteobacteria;c__Alphaproteobacteria;o__Rhizobiales;f__Beijerinckiaceae;g__Methyloferula;s__Methyloferula stellata
Methylohalobius crimeensis 10Ki	3239	NCBI	GCF_000421465.1	ser	serA	d__Bacteria;p__Proteobacteria;c__Gammaproteobacteria;o__Methylococcales;f__Methylothermaceae;g__Methylohalobius;s__Methylohalobius crimeensis
Methylohalobius crimeensis 10Ki	3239	NCBI	GCF_000421465.1	thr	thrB	d__Bacteria;p__Proteobacteria;c__Gammaproteobacteria;o__Methylococcales;f__Methylothermaceae;g__Methylohalobius;s__Methylohalobius crimeensis
Desulfatiglans anilini DSM 4660	3942	NCBI	GCF_000422285.1	chorismate	fbp	d__Bacteria;p__Desulfobacterota;c__Desulfobacteria;o__Desulfatiglandales;f__Desulfatiglandaceae;g__Desulfatiglans;s__Desulfatiglans anilini
Desulfatiglans anilini DSM 4660	3942	NCBI	GCF_000422285.1	cys	cysE	d__Bacteria;p__Desulfobacterota;c__Desulfobacteria;o__Desulfatiglandales;f__Desulfatiglandaceae;g__Desulfatiglans;s__Desulfatiglans anilini
Desulfatiglans anilini DSM 4660	3942	NCBI	GCF_000422285.1	his	hisI	d__Bacteria;p__Desulfobacterota;c__Desulfobacteria;o__Desulfatiglandales;f__Desulfatiglandaceae;g__Desulfatiglans;s__Desulfatiglans anilini
Desulfatiglans anilini DSM 4660	3942	NCBI	GCF_000422285.1	met	metH	d__Bacteria;p__Desulfobacterota;c__Desulfobacteria;o__Desulfatiglandales;f__Desulfatiglandaceae;g__Desulfatiglans;s__Desulfatiglans anilini
Desulfatiglans anilini DSM 4660	3942	NCBI	GCF_000422285.1	ser	serB	d__Bacteria;p__Desulfobacterota;c__Desulfobacteria;o__Desulfatiglandales;f__Desulfatiglandaceae;g__Desulfatiglans;s__Desulfatiglans anilini
Desulfovibrio zosterae DSM 11974	3561	NCBI	GCF_000425265.1	his	hisN	d__Bacteria;p__Desulfobacterota_A;c__Desulfovibrionia;o__Desulfovibrionales;f__Desulfovibrionaceae;g__Desulfovibrio_H;s__Desulfovibrio_H zosterae
Desulfovibrio zosterae DSM 11974	3561	NCBI	GCF_000425265.1	ser	serA	d__Bacteria;p__Desulfobacterota_A;c__Desulfovibrionia;o__Desulfovibrionales;f__Desulfovibrionaceae;g__Desulfovibrio_H;s__Desulfovibrio_H zosterae
Desulfovibrio zosterae DSM 11974	3561	NCBI	GCF_000425265.1	ser	serC	d__Bacteria;p__Desulfobacterota_A;c__Desulfovibrionia;o__Desulfovibrionales;f__Desulfovibrionaceae;g__Desulfovibrio_H;s__Desulfovibrio_H zosterae
Sedimenticola selenatireducens DSM 17993	4140	NCBI	GCF_000428045.1	thr	thrB	d__Bacteria;p__Proteobacteria;c__Gammaproteobacteria;o__Chromatiales;f__Sedimenticolaceae;g__Sedimenticola;s__Sedimenticola selenatireducens
Desulfatibacillum aliphaticivorans DSM 15576	5262	NCBI	GCF_000429905.1	his	hisI	d__Bacteria;p__Desulfobacterota;c__Desulfobacteria;o__Desulfobacterales;f__Desulfatibacillaceae;g__Desulfatibacillum;s__Desulfatibacillum aliphaticivorans
Desulfatibacillum aliphaticivorans DSM 15576	5262	NCBI	GCF_000429905.1	met	metH	d__Bacteria;p__Desulfobacterota;c__Desulfobacteria;o__Desulfobacterales;f__Desulfatibacillaceae;g__Desulfatibacillum;s__Desulfatibacillum aliphaticivorans
Desulfatibacillum aliphaticivorans DSM 15576	5262	NCBI	GCF_000429905.1	tyr	predehyd	d__Bacteria;p__Desulfobacterota;c__Desulfobacteria;o__Desulfobacterales;f__Desulfatibacillaceae;g__Desulfatibacillum;s__Desulfatibacillum aliphaticivorans
Desulfobulbus mediterraneus DSM 13871	3896	NCBI	GCF_000429965.1	his	hisI	d__Bacteria;p__Desulfobacterota;c__Desulfobulbia;o__Desulfobulbales;f__Desulfobulbaceae;g__Desulfobulbus_A;s__Desulfobulbus_A mediterraneus
Desulfobulbus mediterraneus DSM 13871	3896	NCBI	GCF_000429965.1	his	hisN	d__Bacteria;p__Desulfobacterota;c__Desulfobulbia;o__Desulfobulbales;f__Desulfobulbaceae;g__Desulfobulbus_A;s__Desulfobulbus_A mediterraneus
Desulfobulbus mediterraneus DSM 13871	3896	NCBI	GCF_000429965.1	ser	serA	d__Bacteria;p__Desulfobacterota;c__Desulfobulbia;o__Desulfobulbales;f__Desulfobulbaceae;g__Desulfobulbus_A;s__Desulfobulbus_A mediterraneus
Desulfobulbus mediterraneus DSM 13871	3896	NCBI	GCF_000429965.1	ser	serB	d__Bacteria;p__Desulfobacterota;c__Desulfobulbia;o__Desulfobulbales;f__Desulfobulbaceae;g__Desulfobulbus_A;s__Desulfobulbus_A mediterraneus
Desulfobulbus mediterraneus DSM 13871	3896	NCBI	GCF_000429965.1	tyr	predehyd	d__Bacteria;p__Desulfobacterota;c__Desulfobulbia;o__Desulfobulbales;f__Desulfobulbaceae;g__Desulfobulbus_A;s__Desulfobulbus_A mediterraneus
Desulfovibrio bastinii DSM 16055	3417	NCBI	GCF_000429985.1	his	hisN	d__Bacteria;p__Desulfobacterota_A;c__Desulfovibrionia;o__Desulfovibrionales;f__Desulfovibrionaceae;g__Desulfovibrio_H;s__Desulfovibrio_H bastinii
Desulfovibrio bastinii DSM 16055	3417	NCBI	GCF_000429985.1	ser	serA	d__Bacteria;p__Desulfobacterota_A;c__Desulfovibrionia;o__Desulfovibrionales;f__Desulfovibrionaceae;g__Desulfovibrio_H;s__Desulfovibrio_H bastinii
Desulfovibrio bastinii DSM 16055	3417	NCBI	GCF_000429985.1	ser	serC	d__Bacteria;p__Desulfobacterota_A;c__Desulfovibrionia;o__Desulfovibrionales;f__Desulfovibrionaceae;g__Desulfovibrio_H;s__Desulfovibrio_H bastinii
Haloglycomyces albus DSM 45210	3070	NCBI	GCF_000527155.1	pro	cyclodeaminase	d__Bacteria;p__Actinobacteriota;c__Actinobacteria;o__Mycobacteriales;f__Micromonosporaceae;g__Haloglycomyces;s__Haloglycomyces albus
Sulfurihydrogenibium subterraneum DSM 15120	1639	NCBI	GCF_000619805.1	chorismate	fbp	d__Bacteria;p__Aquificota;c__Aquificae;o__Hydrogenothermales;f__Hydrogenothermaceae;g__Sulfurihydrogenibium;s__Sulfurihydrogenibium subterraneum
Sulfurihydrogenibium subterraneum DSM 15120	1639	NCBI	GCF_000619805.1	cys	cysE	d__Bacteria;p__Aquificota;c__Aquificae;o__Hydrogenothermales;f__Hydrogenothermaceae;g__Sulfurihydrogenibium;s__Sulfurihydrogenibium subterraneum
Sulfurihydrogenibium subterraneum DSM 15120	1639	NCBI	GCF_000619805.1	his	hisN	d__Bacteria;p__Aquificota;c__Aquificae;o__Hydrogenothermales;f__Hydrogenothermaceae;g__Sulfurihydrogenibium;s__Sulfurihydrogenibium subterraneum
Sulfurihydrogenibium subterraneum DSM 15120	1639	NCBI	GCF_000619805.1	met	metB	d__Bacteria;p__Aquificota;c__Aquificae;o__Hydrogenothermales;f__Hydrogenothermaceae;g__Sulfurihydrogenibium;s__Sulfurihydrogenibium subterraneum
Sulfurihydrogenibium subterraneum DSM 15120	1639	NCBI	GCF_000619805.1	met	metC	d__Bacteria;p__Aquificota;c__Aquificae;o__Hydrogenothermales;f__Hydrogenothermaceae;g__Sulfurihydrogenibium;s__Sulfurihydrogenibium subterraneum
Sulfurihydrogenibium subterraneum DSM 15120	1639	NCBI	GCF_000619805.1	ser	serC	d__Bacteria;p__Aquificota;c__Aquificae;o__Hydrogenothermales;f__Hydrogenothermaceae;g__Sulfurihydrogenibium;s__Sulfurihydrogenibium subterraneum
Thiothrix lacustris DSM 21227	3485	NCBI	GCF_000621325.1	ser	serB	d__Bacteria;p__Proteobacteria;c__Gammaproteobacteria;o__Thiotrichales;f__Thiotrichaceae;g__Thiothrix;s__Thiothrix lacustris
Desulfobacter vibrioformis DSM 8776	3837	NCBI	GCF_000745975.1	his	hisI	d__Bacteria;p__Desulfobacterota;c__Desulfobacteria;o__Desulfobacterales;f__Desulfobacteraceae;g__Desulfobacter;s__Desulfobacter vibrioformis
Desulfobacter vibrioformis DSM 8776	3837	NCBI	GCF_000745975.1	his	hisN	d__Bacteria;p__Desulfobacterota;c__Desulfobacteria;o__Desulfobacterales;f__Desulfobacteraceae;g__Desulfobacter;s__Desulfobacter vibrioformis
Sulfuritalea hydrogenivorans DSM 22779	3528	NCBI	GCF_000828635.1	thr	thrB	d__Bacteria;p__Proteobacteria;c__Gammaproteobacteria;o__Burkholderiales;f__Rhodocyclaceae;g__Sulfuritalea;s__Sulfuritalea hydrogenivorans
Nitriliruptor alkaliphilus DSM 45188	5060	NCBI	GCF_000969705.1	pro	cyclodeaminase	d__Bacteria;p__Actinobacteriota;c__Actinobacteria;o__Nitriliruptorales;f__Nitriliruptoraceae;g__Nitriliruptor;s__Nitriliruptor alkaliphilus
Stenotrophomonas chelatiphaga DSM 21508	3395	NCBI	GCF_001431535.1	ile	ilvI	d__Bacteria;p__Proteobacteria;c__Gammaproteobacteria;o__Xanthomonadales;f__Xanthomonadaceae;g__Stenotrophomonas;s__Stenotrophomonas chelatiphaga
Stenotrophomonas chelatiphaga DSM 21508	3395	NCBI	GCF_001431535.1	leu	ilvI	d__Bacteria;p__Proteobacteria;c__Gammaproteobacteria;o__Xanthomonadales;f__Xanthomonadaceae;g__Stenotrophomonas;s__Stenotrophomonas chelatiphaga
Stenotrophomonas chelatiphaga DSM 21508	3395	NCBI	GCF_001431535.1	val	ilvI	d__Bacteria;p__Proteobacteria;c__Gammaproteobacteria;o__Xanthomonadales;f__Xanthomonadaceae;g__Stenotrophomonas;s__Stenotrophomonas chelatiphaga
Hyphomicrobium sulfonivorans WDL6	3237	NCBI	GCF_001541235.1	ser	serA	d__Bacteria;p__Proteobacteria;c__Alphaproteobacteria;o__Rhizobiales;f__Hyphomicrobiaceae;g__Hyphomicrobium_A;s__Hyphomicrobium_A sulfonivorans
Hyphomicrobium sulfonivorans WDL6	3237	NCBI	GCF_001541235.1	ser	serB	d__Bacteria;p__Proteobacteria;c__Alphaproteobacteria;o__Rhizobiales;f__Hyphomicrobiaceae;g__Hyphomicrobium_A;s__Hyphomicrobium_A sulfonivorans
Steroidobacter denitrificans DSM 18526	3000	NCBI	GCF_001579945.1	arg	argI	d__Bacteria;p__Proteobacteria;c__Gammaproteobacteria;o__Steroidobacterales;f__Steroidobacteraceae;g__Steroidobacter;s__Steroidobacter denitrificans
Steroidobacter denitrificans DSM 18526	3000	NCBI	GCF_001579945.1	arg	argJ	d__Bacteria;p__Proteobacteria;c__Gammaproteobacteria;o__Steroidobacterales;f__Steroidobacteraceae;g__Steroidobacter;s__Steroidobacter denitrificans
Steroidobacter denitrificans DSM 18526	3000	NCBI	GCF_001579945.1	ser	serB	d__Bacteria;p__Proteobacteria;c__Gammaproteobacteria;o__Steroidobacterales;f__Steroidobacteraceae;g__Steroidobacter;s__Steroidobacter denitrificans
Steroidobacter denitrificans DSM 18526	3000	NCBI	GCF_001579945.1	tyr	predehyd	d__Bacteria;p__Proteobacteria;c__Gammaproteobacteria;o__Steroidobacterales;f__Steroidobacteraceae;g__Steroidobacter;s__Steroidobacter denitrificans
Thioalkalivibrio halophilus HL17	2616	NCBI	GCF_001995255.1	ser	serB	d__Bacteria;p__Proteobacteria;c__Gammaproteobacteria;o__Ectothiorhodospirales;f__Thioalkalivibrionaceae;g__Thioalkalivibrio;s__Thioalkalivibrio halophilus
Thioalkalivibrio halophilus HL17	2616	NCBI	GCF_001995255.1	thr	thrB	d__Bacteria;p__Proteobacteria;c__Gammaproteobacteria;o__Ectothiorhodospirales;f__Thioalkalivibrionaceae;g__Thioalkalivibrio;s__Thioalkalivibrio halophilus
Thioalkalivibrio denitrificans ALJD	3295	NCBI	GCF_002000365.1	ser	serB	d__Bacteria;p__Proteobacteria;c__Gammaproteobacteria;o__Ectothiorhodospirales;f__Ectothiorhodospiraceae;g__Thioalkalivibrio_A;s__Thioalkalivibrio_A denitrificans
Halomonas desiderata SP1	4196	NCBI	GCF_002151265.1	leu	leuA	d__Bacteria;p__Proteobacteria;c__Gammaproteobacteria;o__Pseudomonadales;f__Halomonadaceae;g__Halomonas;s__Halomonas daqingensis
Thiohalomonas denitrificans HLD2	3183	NCBI	GCF_900102855.1	thr	thrB	d__Bacteria;p__Proteobacteria;c__Gammaproteobacteria;o__Thiohalomonadales;f__Thiohalomonadaceae;g__Thiohalomonas;s__Thiohalomonas denitrificans
Desulfuromusa kysingii DSM 7343	3297	NCBI	GCF_900107645.1	his	hisN	d__Bacteria;p__Desulfuromonadota;c__Desulfuromonadia;o__Desulfuromonadales;f__Geopsychrobacteraceae;g__Desulfuromusa;s__Desulfuromusa kysingii
Desulfuromusa kysingii DSM 7343	3297	NCBI	GCF_900107645.1	ser	serB	d__Bacteria;p__Desulfuromonadota;c__Desulfuromonadia;o__Desulfuromonadales;f__Geopsychrobacteraceae;g__Desulfuromusa;s__Desulfuromusa kysingii
Desulfuromonas acetexigens	3338	NCBI	GCF_900111775.1	his	hisN	d__Bacteria;p__Desulfuromonadota;c__Desulfuromonadia;o__Desulfuromonadales;f__Desulfuromonadaceae_A;g__Desulfuromonas_D;s__Desulfuromonas_D acetexigens
Thermodesulforhabdus norvegica DSM 9990	2630	NCBI	GCF_900114975.1	his	hisN	d__Bacteria;p__Desulfobacterota;c__Syntrophobacteria;o__Syntrophobacterales;f__Thermodesulforhabdaceae;g__Thermodesulforhabdus;s__Thermodesulforhabdus norvegica
Thermodesulforhabdus norvegica DSM 9990	2630	NCBI	GCF_900114975.1	met	metH	d__Bacteria;p__Desulfobacterota;c__Syntrophobacteria;o__Syntrophobacterales;f__Thermodesulforhabdaceae;g__Thermodesulforhabdus;s__Thermodesulforhabdus norvegica
Thermodesulforhabdus norvegica DSM 9990	2630	NCBI	GCF_900114975.1	ser	serB	d__Bacteria;p__Desulfobacterota;c__Syntrophobacteria;o__Syntrophobacterales;f__Thermodesulforhabdaceae;g__Thermodesulforhabdus;s__Thermodesulforhabdus norvegica
Thermodesulforhabdus norvegica DSM 9990	2630	NCBI	GCF_900114975.1	thr	thrB	d__Bacteria;p__Desulfobacterota;c__Syntrophobacteria;o__Syntrophobacterales;f__Thermodesulforhabdaceae;g__Thermodesulforhabdus;s__Thermodesulforhabdus norvegica
Thermodesulforhabdus norvegica DSM 9990	2630	NCBI	GCF_900114975.1	tyr	predehyd	d__Bacteria;p__Desulfobacterota;c__Syntrophobacteria;o__Syntrophobacterales;f__Thermodesulforhabdaceae;g__Thermodesulforhabdus;s__Thermodesulforhabdus norvegica
Desulfallas geothermicus DSM 3669	3508	NCBI	GCF_900115975.1	his	hisI	d__Bacteria;p__Firmicutes_B;c__Desulfotomaculia;o__Desulfotomaculales;f__Desulfotomaculaceae_A;g__Desulfotomaculum_B;s__Desulfotomaculum_B geothermicum
Desulfallas geothermicus DSM 3669	3508	NCBI	GCF_900115975.1	met	metH	d__Bacteria;p__Firmicutes_B;c__Desulfotomaculia;o__Desulfotomaculales;f__Desulfotomaculaceae_A;g__Desulfotomaculum_B;s__Desulfotomaculum_B geothermicum
Desulfacinum infernum DSM 9756	3574	NCBI	GCF_900129305.1	met	metH	d__Bacteria;p__Desulfobacterota;c__Syntrophobacteria;o__Syntrophobacterales;f__Syntrophobacteraceae;g__Desulfacinum;s__Desulfacinum infernum
Desulfacinum infernum DSM 9756	3574	NCBI	GCF_900129305.1	ser	serB	d__Bacteria;p__Desulfobacterota;c__Syntrophobacteria;o__Syntrophobacterales;f__Syntrophobacteraceae;g__Desulfacinum;s__Desulfacinum infernum
Desulfacinum infernum DSM 9756	3574	NCBI	GCF_900129305.1	tyr	predehyd	d__Bacteria;p__Desulfobacterota;c__Syntrophobacteria;o__Syntrophobacterales;f__Syntrophobacteraceae;g__Desulfacinum;s__Desulfacinum infernum
Malonomonas rubra DSM 5091	3548	NCBI	GCF_900142125.1	his	hisN	d__Bacteria;p__Desulfuromonadota;c__Desulfuromonadia;o__Desulfuromonadales;f__Geopsychrobacteraceae;g__Malonomonas;s__Malonomonas rubra
Malonomonas rubra DSM 5091	3548	NCBI	GCF_900142125.1	ser	serB	d__Bacteria;p__Desulfuromonadota;c__Desulfuromonadia;o__Desulfuromonadales;f__Geopsychrobacteraceae;g__Malonomonas;s__Malonomonas rubra
Desulfovibrio gracilis DSM 16080	2845	NCBI	GCF_900167125.1	chorismate	fbp	d__Bacteria;p__Desulfobacterota_A;c__Desulfovibrionia;o__Desulfovibrionales;f__Desulfovibrionaceae;g__Desulfovibrio_B;s__Desulfovibrio_B gracilis
Desulfovibrio gracilis DSM 16080	2845	NCBI	GCF_900167125.1	cys	cysE	d__Bacteria;p__Desulfobacterota_A;c__Desulfovibrionia;o__Desulfovibrionales;f__Desulfovibrionaceae;g__Desulfovibrio_B;s__Desulfovibrio_B gracilis
Desulfovibrio gracilis DSM 16080	2845	NCBI	GCF_900167125.1	his	hisN	d__Bacteria;p__Desulfobacterota_A;c__Desulfovibrionia;o__Desulfovibrionales;f__Desulfovibrionaceae;g__Desulfovibrio_B;s__Desulfovibrio_B gracilis
Desulfovibrio gracilis DSM 16080	2845	NCBI	GCF_900167125.1	ser	serA	d__Bacteria;p__Desulfobacterota_A;c__Desulfovibrionia;o__Desulfovibrionales;f__Desulfovibrionaceae;g__Desulfovibrio_B;s__Desulfovibrio_B gracilis
Nitratiruptor tergarcus DSM 16512	1925	NCBI	GCF_900176045.1	ser	serC	d__Bacteria;p__Campylobacterota;c__Campylobacteria;o__Campylobacterales;f__Nitratiruptoraceae;g__Nitratiruptor;s__Nitratiruptor tergarcus
Desulfacinum hydrothermale DSM 13146	3170	NCBI	GCF_900176285.1	his	hisI	d__Bacteria;p__Desulfobacterota;c__Syntrophobacteria;o__Syntrophobacterales;f__Syntrophobacteraceae;g__Desulfacinum;s__Desulfacinum hydrothermale
Desulfacinum hydrothermale DSM 13146	3170	NCBI	GCF_900176285.1	met	metH	d__Bacteria;p__Desulfobacterota;c__Syntrophobacteria;o__Syntrophobacterales;f__Syntrophobacteraceae;g__Desulfacinum;s__Desulfacinum hydrothermale
Desulfacinum hydrothermale DSM 13146	3170	NCBI	GCF_900176285.1	ser	serB	d__Bacteria;p__Desulfobacterota;c__Syntrophobacteria;o__Syntrophobacterales;f__Syntrophobacteraceae;g__Desulfacinum;s__Desulfacinum hydrothermale
Desulfacinum hydrothermale DSM 13146	3170	NCBI	GCF_900176285.1	tyr	predehyd	d__Bacteria;p__Desulfobacterota;c__Syntrophobacteria;o__Syntrophobacterales;f__Syntrophobacteraceae;g__Desulfacinum;s__Desulfacinum hydrothermale
Desulfurobacterium atlanticum DSM 15668	1727	NCBI	GCF_900188395.1	chorismate	fbp	d__Bacteria;p__Aquificota;c__Desulfurobacteriia;o__Desulfurobacteriales;f__Desulfurobacteriaceae;g__Desulfurobacterium_A;s__Desulfurobacterium_A atlanticum
Desulfurobacterium atlanticum DSM 15668	1727	NCBI	GCF_900188395.1	his	hisN	d__Bacteria;p__Aquificota;c__Desulfurobacteriia;o__Desulfurobacteriales;f__Desulfurobacteriaceae;g__Desulfurobacterium_A;s__Desulfurobacterium_A atlanticum
